NAME_INCOME_TYPE,Average Loan Amount,Approval Rate (%)
Commercial associate,665774.2449664429,23.8345521023766
Pensioner,551653.66125,18.281535648994517
State servant,670363.3252427184,7.0612431444241315
Unemployed,783000.0,0.022851919561243144
Working,571460.9655870445,50.799817184643516
